{
  "Ansi 7 Color (Light)" : {
    "Green Component" : 0.63529411764705879,
    "Blue Component" : 0.63529411764705879,
    "Red Component" : 0.6470588235294118
  },
  "Ansi 15 Color (Light)" : {
    "Green Component" : 0.96862745098039216,
    "Blue Component" : 0.96862745098039216,
    "Red Component" : 0.96862745098039216
  },
  "Ansi 2 Color (Light)" : {
    "Green Component" : 0.63529411764705879,
    "Blue Component" : 0.32156862745098042,
    "Red Component" : 0.0039215686274509803
  },
  "Bold Color" : {
    "Red Component" : 0.062745101749897003,
    "Color Space" : "sRGB",
    "Blue Component" : 0.062745101749897003,
    "Alpha Component" : 1,
    "Green Component" : 0.062745101749897003
  },
  "Ansi 1 Color (Dark)" : {
    "Green Component" : 0.17647058823529413,
    "Blue Component" : 0.12549019607843137,
    "Red Component" : 0.85882352941176465
  },
  "Use Bright Bold" : true,
  "Ansi 9 Color (Light)" : {
    "Green Component" : 0.73333333333333328,
    "Blue Component" : 0.81568627450980391,
    "Red Component" : 0.90980392156862744
  },
  "Ansi 8 Color (Dark)" : {
    "Green Component" : 0.34509803921568627,
    "Blue Component" : 0.33333333333333331,
    "Red Component" : 0.36078431372549019
  },
  "Background Color" : {
    "Red Component" : 0.97999999999999998,
    "Color Space" : "sRGB",
    "Blue Component" : 0.97999999999999998,
    "Alpha Component" : 1,
    "Green Component" : 0.97999999999999998
  },
  "Columns" : 100,
  "Ansi 8 Color" : {
    "Red Component" : 0.40781760215759277,
    "Color Space" : "sRGB",
    "Blue Component" : 0.4078223705291748,
    "Alpha Component" : 1,
    "Green Component" : 0.40782788395881653
  },
  "Right Option Key Sends" : 0,
  "Ansi 4 Color (Light)" : {
    "Green Component" : 0.62745098039215685,
    "Blue Component" : 0.89411764705882357,
    "Red Component" : 0.0039215686274509803
  },
  "Blinking Cursor" : false,
  "Selected Text Color (Light)" : {
    "Green Component" : 0.63529411764705879,
    "Blue Component" : 0.63529411764705879,
    "Red Component" : 0.6470588235294118
  },
  "Selected Text Color (Dark)" : {
    "Green Component" : 0.63529411764705879,
    "Blue Component" : 0.63529411764705879,
    "Red Component" : 0.6470588235294118
  },
  "Ansi 3 Color (Dark)" : {
    "Green Component" : 0.92941176470588238,
    "Blue Component" : 0.0078431372549019607,
    "Red Component" : 0.99215686274509807
  },
  "Keyboard Map" : {

  },
  "Visual Bell" : true,
  "Cursor Text Color" : {
    "Red Component" : 1,
    "Color Space" : "sRGB",
    "Blue Component" : 1,
    "Alpha Component" : 1,
    "Green Component" : 1
  },
  "Scrollback Lines" : 1000,
  "Selection Color (Light)" : {
    "Green Component" : 0.27058823529411763,
    "Blue Component" : 0.2627450980392157,
    "Red Component" : 0.29019607843137257
  },
  "Ansi 0 Color" : {
    "Red Component" : 0.078431375324726105,
    "Color Space" : "sRGB",
    "Blue Component" : 0.11764705926179886,
    "Alpha Component" : 1,
    "Green Component" : 0.098039217293262482
  },
  "Match Background Color (Dark)" : {
    "Red Component" : 1,
    "Color Space" : "P3",
    "Blue Component" : 0,
    "Alpha Component" : 1,
    "Green Component" : 1
  },
  "Ansi 11 Color (Light)" : {
    "Green Component" : 0.27058823529411763,
    "Blue Component" : 0.2627450980392157,
    "Red Component" : 0.29019607843137257
  },
  "Ansi 5 Color (Dark)" : {
    "Green Component" : 0.41568627450980394,
    "Blue Component" : 0.58039215686274515,
    "Red Component" : 0.63137254901960782
  },
  "Cursor Text Color (Light)" : {
    "Green Component" : 0.011764705882352941,
    "Blue Component" : 0,
    "Red Component" : 0.035294117647058823
  },
  "Silence Bell" : false,
  "Rows" : 25,
  "Guid" : "91209AB7-80F9-40DC-8F94-EC07AD2C324E",
  "Ansi 14 Color (Dark)" : {
    "Green Component" : 0.6705882352941176,
    "Blue Component" : 0.32549019607843138,
    "Red Component" : 0.80392156862745101
  },
  "Ansi 15 Color (Dark)" : {
    "Green Component" : 0.96862745098039216,
    "Blue Component" : 0.96862745098039216,
    "Red Component" : 0.96862745098039216
  },
  "Ansi 0 Color (Dark)" : {
    "Green Component" : 0.011764705882352941,
    "Blue Component" : 0,
    "Red Component" : 0.035294117647058823
  },
  "Ambiguous Double Width" : false,
  "Option Key Sends" : 0,
  "Ansi 3 Color" : {
    "Red Component" : 0.78058648109436035,
    "Color Space" : "sRGB",
    "Blue Component" : 0,
    "Alpha Component" : 1,
    "Green Component" : 0.76959484815597534
  },
  "Window Type" : 0,
  "BM Growl" : true,
  "Prompt Before Closing 2" : false,
  "Command" : "",
  "Selected Text Color" : {
    "Red Component" : 0,
    "Color Space" : "sRGB",
    "Blue Component" : 0,
    "Alpha Component" : 1,
    "Green Component" : 0
  },
  "Ansi 14 Color (Light)" : {
    "Green Component" : 0.6705882352941176,
    "Blue Component" : 0.32549019607843138,
    "Red Component" : 0.80392156862745101
  },
  "Cursor Guide Color (Dark)" : {
    "Red Component" : 0.74862593412399292,
    "Color Space" : "P3",
    "Blue Component" : 0.99125725030899048,
    "Alpha Component" : 0.25,
    "Green Component" : 0.92047786712646484
  },
  "Send Code When Idle" : false,
  "Ansi 6 Color" : {
    "Red Component" : 0,
    "Color Space" : "sRGB",
    "Blue Component" : 0.78166204690933228,
    "Alpha Component" : 1,
    "Green Component" : 0.77425903081893921
  },
  "Jobs to Ignore" : [
    "rlogin",
    "ssh",
    "slogin",
    "telnet"
  ],
  "Badge Color (Dark)" : {
    "Red Component" : 0.92929404973983765,
    "Color Space" : "P3",
    "Blue Component" : 0.13960540294647217,
    "Alpha Component" : 0.5,
    "Green Component" : 0.25479039549827576
  },
  "Cursor Color" : {
    "Red Component" : 0,
    "Color Space" : "sRGB",
    "Blue Component" : 0,
    "Alpha Component" : 1,
    "Green Component" : 0
  },
  "Vertical Spacing" : 1,
  "Disable Window Resizing" : true,
  "Close Sessions On End" : true,
  "Selection Color (Dark)" : {
    "Green Component" : 0.27058823529411763,
    "Blue Component" : 0.2627450980392157,
    "Red Component" : 0.29019607843137257
  },
  "Default Bookmark" : "No",
  "Foreground Color (Light)" : {
    "Green Component" : 0.63529411764705879,
    "Blue Component" : 0.63529411764705879,
    "Red Component" : 0.6470588235294118
  },
  "Custom Command" : "No",
  "Background Color (Dark)" : {
    "Green Component" : 0.011764705882352941,
    "Blue Component" : 0,
    "Red Component" : 0.035294117647058823
  },
  "Ansi 9 Color" : {
    "Red Component" : 0.8659515380859375,
    "Color Space" : "sRGB",
    "Blue Component" : 0.45833224058151245,
    "Alpha Component" : 1,
    "Green Component" : 0.47524076700210571
  },
  "Ansi 14 Color" : {
    "Red Component" : 0.37597531080245972,
    "Color Space" : "sRGB",
    "Blue Component" : 1,
    "Alpha Component" : 1,
    "Green Component" : 0.99263292551040649
  },
  "Flashing Bell" : false,
  "Use Italic Font" : true,
  "Ansi 13 Color (Dark)" : {
    "Green Component" : 0.83529411764705885,
    "Blue Component" : 0.83137254901960789,
    "Red Component" : 0.83921568627450982
  },
  "Cursor Guide Color (Light)" : {
    "Red Component" : 0.74862593412399292,
    "Color Space" : "P3",
    "Blue Component" : 0.99125725030899048,
    "Alpha Component" : 0.25,
    "Green Component" : 0.92047786712646484
  },
  "Ansi 12 Color" : {
    "Red Component" : 0.65349078178405762,
    "Color Space" : "sRGB",
    "Blue Component" : 0.9485321044921875,
    "Alpha Component" : 1,
    "Green Component" : 0.67044717073440552
  },
  "Ansi 10 Color (Light)" : {
    "Green Component" : 0.20392156862745098,
    "Blue Component" : 0.19607843137254902,
    "Red Component" : 0.22745098039215686
  },
  "Non-ASCII Anti Aliased" : true,
  "Ansi 10 Color" : {
    "Red Component" : 0.3450070321559906,
    "Color Space" : "sRGB",
    "Blue Component" : 0.56541937589645386,
    "Alpha Component" : 1,
    "Green Component" : 0.9042816162109375
  },